{"best_epoch":5,"_step":16,"test_accuracy":0.48332610726356506,"lr":1.9999999494757503e-05,"_timestamp":1.728885506753642e+09,"loss":0.0951533317565918,"val_loss":0.6537731289863586,"_wandb":{"runtime":13678},"epoch":15,"test_loss":2.1716177463531494,"_runtime":13678.344272708,"graph":{"_type":"graph-file","sha256":"6bd642467a36716cc7c91f4e2e61dbb380a0e3f441d85c6bba50efc4c6c2664c","size":975,"path":"media/graph/graph_summary_6bd642467a36716cc7c9.graph.json"},"best_val_loss":0.5855792760848999,"val_accuracy":0.8305360078811646,"accuracy":0.9687538743019104}