{"_wandb":{"runtime":1367},"loss":0.08887108415365219,"lr":1.9999999494757503e-05,"graph":{"_type":"graph-file","sha256":"f075ab9233b699119f443b5376289fa25738202221a5bae80511ad853805e50b","size":1044,"path":"media/graph/graph_summary_f075ab9233b699119f44.graph.json"},"val_accuracy":0.8121277689933777,"accuracy":0.9693683981895447,"_timestamp":1.728509406973324e+09,"test_loss":2.370750904083252,"epoch":14,"test_accuracy":0.5101775527000427,"best_val_loss":0.5800372958183289,"val_loss":0.7217147350311279,"best_epoch":4,"_step":15,"_runtime":1367.193707667}