{"best_val_loss":0.549078106880188,"_step":16,"_runtime":18744.216063958,"best_epoch":5,"val_loss":0.6407828330993652,"graph":{"path":"media/graph/graph_summary_7c5f12c4af81f69057ec.graph.json","_type":"graph-file","sha256":"7c5f12c4af81f69057ecd9fb6e95d2558cd4c0d8feffe7c91e8923628d7047cc","size":975},"_wandb":{"runtime":18744},"test_accuracy":0.4967518448829651,"val_accuracy":0.8375744223594666,"epoch":15,"loss":0.07675141841173172,"accuracy":0.9731634855270386,"_timestamp":1.7285878733423722e+09,"test_loss":2.3592917919158936,"lr":1.9999999494757503e-05}