{"best_epoch":19,"_timestamp":1.7288553992836149e+09,"_step":19,"epoch":19,"_wandb":{"runtime":4713},"lr":9.999999747378752e-05,"val_loss":0.6836472153663635,"val_accuracy":0.7574445009231567,"_runtime":4713.90454475,"loss":0.5195660591125488,"accuracy":0.8105471134185791,"graph":{"sha256":"48d1bb3b5cbc2e06f568bcaf94f20139db6efd9b6ec5d826bf04c2c6c4a74c95","size":974,"path":"media/graph/graph_summary_48d1bb3b5cbc2e06f568.graph.json","_type":"graph-file"},"best_val_loss":0.6836472153663635}