{"_step":10,"test_accuracy":0.32091814279556274,"graph":{"_type":"graph-file","sha256":"3b76d1a8323088c11337db661e0f8df4e2662d858e301e915d032483e5404a37","size":997,"path":"media/graph/graph_summary_3b76d1a8323088c11337.graph.json"},"test_loss":1.9481874704360962,"loss":1.9723259210586548,"_runtime":1610.821197459,"accuracy":0.31512606143951416,"epoch":9,"val_accuracy":0.3123984932899475,"_timestamp":1.728388794086112e+09,"best_val_loss":1.5855894088745117,"best_epoch":8,"_wandb":{"runtime":1610},"val_loss":1.9477880001068115}