{"_runtime":795.599859835,"accuracy":0.5971807837486267,"_timestamp":1.7283592626514182e+09,"_step":5,"test_loss":4.973174571990967,"_wandb":{"runtime":795},"graph":{"path":"media/graph/graph_summary_9edf166a30f48782de06.graph.json","_type":"graph-file","sha256":"9edf166a30f48782de06f184a9e37c2670c486baa9ef69ca124c003412b64d3b","size":997},"loss":5.05656099319458,"best_val_loss":4.97440242767334,"val_accuracy":0.5874391198158264,"best_epoch":4,"epoch":4,"val_loss":4.97440242767334,"test_accuracy":0.5872672200202942}