{"best_val_loss":0.4493539333343506,"_wandb":{"runtime":1770},"best_epoch":0,"loss":0.26465943455696106,"_timestamp":1.728327041618547e+09,"graph":{"_type":"graph-file","sha256":"d5a04d7075bfcef7dbdcdcc0eca620ca3d9ff7b22c0584c87b45c82d2133fb12","size":985,"path":"media/graph/graph_summary_d5a04d7075bfcef7dbdc.graph.json"},"_step":0,"epoch":0,"val_loss":0.4493539333343506,"val_accuracy":0.041147805750370026,"accuracy":0.4731634557247162,"_runtime":1015.101475}