{"_wandb":{"runtime":2132},"_runtime":2132.060424917,"val_accuracy":0.7628586888313293,"best_val_loss":0.6774691343307495,"_step":20,"lr":1.9999999494757503e-05,"test_accuracy":0.5396275520324707,"graph":{"sha256":"f615408ed512f0ad4dc2a7d6508242c629988d9045212f4565e05750308d1ecc","size":1026,"path":"media/graph/graph_summary_f615408ed512f0ad4dc2.graph.json","_type":"graph-file"},"best_epoch":10,"test_loss":2.2383010387420654,"_timestamp":1.7285258143147311e+09,"val_loss":0.7304028868675232,"loss":0.3727004826068878,"epoch":19,"accuracy":0.861208975315094}