{"_timestamp":1.728390622243964e+09,"test_accuracy":0.621914267539978,"best_epoch":3,"graph":{"_type":"graph-file","sha256":"5b459db7084831fb2345ebe4020a8e56ee061656d677aacbeabf7a8960024481","size":1015,"path":"media/graph/graph_summary_5b459db7084831fb2345.graph.json"},"val_accuracy":0.6123443245887756,"loss":1.6644117832183838,"test_loss":1.7665867805480957,"accuracy":0.6259148716926575,"epoch":4,"_wandb":{"runtime":1170},"_step":5,"_runtime":1170.230865,"val_loss":1.7689788341522217,"best_val_loss":1.7491668462753296}