{"test_loss":4.231271266937256,"val_accuracy":0.5874391198158264,"_step":10,"epoch":9,"_wandb":{"runtime":1509},"test_accuracy":0.5872672200202942,"graph":{"_type":"graph-file","sha256":"ed0675035cd3a6e7bc564c4d34770ffa9712ce310e4fb8a117f38ada6e18ddf7","size":997,"path":"media/graph/graph_summary_ed0675035cd3a6e7bc56.graph.json"},"accuracy":0.6116833686828613,"val_loss":4.231773853302002,"_runtime":1509.91862425,"_timestamp":1.728362865614924e+09,"best_epoch":9,"loss":4.185858726501465,"best_val_loss":4.231773853302002}