{"val_loss":0.6608296036720276,"val_accuracy":0.834325909614563,"_runtime":13383.910420916,"_timestamp":1.728478013481226e+09,"test_accuracy":0.5231702327728271,"lr":1.9999999494757503e-05,"loss":0.08480892330408096,"_wandb":{"runtime":13383},"best_val_loss":0.5536513328552246,"best_epoch":7,"accuracy":0.9709948301315308,"graph":{"size":1017,"path":"media/graph/graph_summary_f8de5e095e308b3491d1.graph.json","_type":"graph-file","sha256":"f8de5e095e308b3491d1ea9ebcad28dcb7c55dfe3d157d3f10914bb74a7d1022"},"test_loss":2.486093282699585,"_step":18,"epoch":17}