{"best_epoch":8,"loss":1.1635305881500244,"accuracy":0.6173759698867798,"test_loss":1.2396414279937744,"_wandb":{"runtime":1618},"_timestamp":1.728329787588908e+09,"_step":10,"epoch":9,"_runtime":1618.669846,"best_val_loss":1.1437538862228394,"val_accuracy":0.5879805088043213,"graph":{"_type":"graph-file","sha256":"5a7e999d23a09c88b65dea7b27fbac69308e81fa346952c2a3932b2e8e072915","size":1015,"path":"media/graph/graph_summary_5a7e999d23a09c88b65d.graph.json"},"val_loss":1.2421932220458984,"test_accuracy":0.5881333947181702}