{"accuracy":0.58349609375,"_timestamp":1.72825455654847e+09,"best_val_loss":0.960594892501831,"_wandb":{"runtime":22531},"val_loss":1.0059818029403687,"_step":16,"epoch":15,"loss":1.159292459487915,"best_epoch":14,"val_accuracy":0.6524093151092529,"_runtime":21835.049228,"graph":{"_type":"graph-file","sha256":"4753dd4dc354adc9d2a3e896b39344b0ec5e5b14f1b384944fced25df02929b9","size":975,"path":"media/graph/graph_summary_4753dd4dc354adc9d2a3.graph.json"}}