{"loss":1.792014718055725,"_wandb":{"runtime":4078},"test_accuracy":0.014291901141405106,"val_loss":1.7944508790969849,"_step":5,"graph":{"_type":"graph-file","sha256":"18fac1b144732583cf3035b71db847189e5d82b2ecf50d99093ab8dda7f5df6d","size":985,"path":"media/graph/graph_summary_18fac1b144732583cf30.graph.json"},"best_epoch":1,"test_loss":1.7944464683532715,"accuracy":0.03767958655953407,"_runtime":4078.47116579,"_timestamp":1.728317382685072e+09,"val_accuracy":0.014076881110668182,"epoch":4,"best_val_loss":1.7919738292694092}