{"val_accuracy":0.29236599802970886,"best_val_loss":2.0688326358795166,"accuracy":0.6172404289245605,"epoch":4,"loss":1.6627740859985352,"_wandb":{"runtime":779},"_step":5,"test_accuracy":0.29883065819740295,"graph":{"path":"media/graph/graph_summary_ed0675035cd3a6e7bc56.graph.json","_type":"graph-file","sha256":"ed0675035cd3a6e7bc564c4d34770ffa9712ce310e4fb8a117f38ada6e18ddf7","size":997},"val_loss":2.0688326358795166,"best_epoch":4,"test_loss":2.0737733840942383,"_timestamp":1.728425101062149e+09,"_runtime":779.217915668}