{"val_accuracy":0.5874391198158264,"val_loss":1.7360947132110596,"best_val_loss":1.7360947132110596,"_step":0,"epoch":0,"_wandb":{"runtime":150},"_timestamp":1.7283279220805619e+09,"loss":1.6179628372192383,"accuracy":0.14245052635669708,"best_epoch":0,"_runtime":122.799243666,"graph":{"path":"media/graph/graph_summary_36ccfdc033e540d0a96d.graph.json","_type":"graph-file","sha256":"36ccfdc033e540d0a96da07d48c65f332ee248baae53f31b5c579082e9a7388d","size":1007}}