{"best_val_loss":0.6292137503623962,"_timestamp":1.7284327981554298e+09,"epoch":19,"_step":20,"lr":9.999999747378752e-05,"graph":{"path":"media/graph/graph_summary_0ceee849549223df0244.graph.json","_type":"graph-file","sha256":"0ceee849549223df02440c5c839ead9e0ee99d65c3c077377e297fdd48966b3c","size":1008},"loss":0.6554265022277832,"test_loss":1.7579940557479858,"accuracy":0.7690430879592896,"_runtime":4083.392716708,"best_epoch":19,"test_accuracy":0.529666543006897,"val_loss":0.6292137503623962,"_wandb":{"runtime":4083},"val_accuracy":0.7590687870979309}