{"_step":5,"_wandb":{"runtime":2607},"val_accuracy":0.4841666519641876,"test_accuracy":0.46611112356185913,"accuracy":0.5720833539962769,"_timestamp":1.7283951034304059e+09,"best_epoch":4,"val_loss":0.18063503503799438,"best_val_loss":0.18063503503799438,"loss":0.22964230179786682,"graph":{"path":"media/graph/graph_summary_324da10ff8473fc15023.graph.json","_type":"graph-file","sha256":"324da10ff8473fc1502394ffd0d7f20326bb2fa77e6f36c4dc7366c75f8dc3c1","size":993},"epoch":4,"_runtime":2607.984557043,"test_loss":0.2062821090221405}