{"_timestamp":1.728424235337815e+09,"_runtime":1176.9619785,"test_loss":181.154541015625,"val_accuracy":0.0801299437880516,"accuracy":0.22946597635746002,"val_loss":19859.26171875,"best_val_loss":19859.26171875,"graph":{"path":"media/graph/graph_summary_ab75dd7f599d0fbbc484.graph.json","_type":"graph-file","sha256":"ab75dd7f599d0fbbc484b6022b928829001773aaeec8be455f14d5c5ad0070df","size":1182},"_wandb":{"runtime":1176},"best_epoch":0,"lr":0.0005000000237487257,"loss":2.5781593322753906,"test_accuracy":0.1666666716337204,"epoch":0,"_step":1}