{"val_loss":1.242310881614685,"_runtime":1985.776500709,"_step":13,"best_val_loss":1.1919310092926025,"graph":{"_type":"graph-file","sha256":"3b76d1a8323088c11337db661e0f8df4e2662d858e301e915d032483e5404a37","size":997,"path":"media/graph/graph_summary_3b76d1a8323088c11337.graph.json"},"accuracy":0.6500406861305237,"best_epoch":7,"epoch":12,"_wandb":{"runtime":1985},"test_accuracy":0.6621914505958557,"val_accuracy":0.6063887476921082,"loss":1.100197434425354,"test_loss":1.196544885635376,"_timestamp":1.728427451437263e+09}