{"loss":0.559866726398468,"test_loss":2.1218690872192383,"epoch":19,"val_loss":0.6541872024536133,"val_accuracy":0.7606930136680603,"graph":{"_type":"graph-file","sha256":"9b3c6d96bd10cca4d8736577f625ba9d2712c00b439a385050dd840732c4bc68","size":1016,"path":"media/graph/graph_summary_9b3c6d96bd10cca4d873.graph.json"},"_runtime":4075.373520417,"best_val_loss":0.6541872024536133,"test_accuracy":0.5197054743766785,"_step":20,"best_epoch":19,"_timestamp":1.728438610750786e+09,"_wandb":{"runtime":4075},"lr":9.999999747378752e-05,"accuracy":0.7975060939788818}