{"val_loss":0.6236369609832764,"_step":20,"epoch":19,"test_accuracy":0.46611112356185913,"test_loss":0.2062821090221405,"best_epoch":19,"val_accuracy":0.1666666716337204,"_wandb":{"runtime":9234},"lr":9.999999747378752e-05,"_runtime":9234.255146334,"accuracy":0.16833333671092987,"graph":{"_type":"graph-file","sha256":"b96f4dbef6f88ef98ec15af22a9e8a49d5f412605144adb0cb8036850dd7baf6","size":993,"path":"media/graph/graph_summary_b96f4dbef6f88ef98ec1.graph.json"},"loss":0.6238815784454346,"_timestamp":1.728405519210259e+09,"best_val_loss":0.6236369609832764}