{"accuracy":0.29459118843078613,"val_auc":0.7244656682014465,"graph":{"_type":"graph-file","sha256":"e4266316e51c1245487c397ed04aef2b876b531dcad0524049575f28f3b9a987","size":1009,"path":"media/graph/graph_summary_e4266316e51c1245487c.graph.json"},"precision":0,"val_f1_score":0.7244656682014465,"_step":12,"_runtime":1009.02811,"epoch":12,"_timestamp":1.729745307578437e+09,"recall":0,"val_precision":0,"loss":1.6374225616455078,"val_accuracy":0.3576437532901764,"_wandb":{"runtime":1032},"best_val_loss":1.57422935962677,"auc":0.5987002849578857,"val_recall":0,"lr":9.999999747378752e-05,"f1_score":0.5987002849578857,"val_loss":1.6019225120544434,"best_epoch":9}