{"_timestamp":1.7288494755501308e+09,"_runtime":0.562416,"_step":0,"accuracy":0.9,"_wandb":{"runtime":0},"loss":0.1}