{"_wandb":{"runtime":3967},"epoch":19,"_timestamp":1.728523409116132e+09,"best_epoch":19,"lr":9.999999747378752e-05,"_runtime":3967.143175458,"graph":{"_type":"graph-file","sha256":"d7299f793e5884f1855b3607ceaed81238be9eb77399de2a59dc0a0abf393401","size":1386,"path":"media/graph/graph_summary_d7299f793e5884f1855b.graph.json"},"best_val_loss":1.6726248264312744,"accuracy":0.798725962638855,"loss":1.600594401359558,"val_loss":1.6726248264312744,"_step":19,"val_accuracy":0.7612344622612}