{"best_val_loss":0.5153918862342834,"test_accuracy":0.5175400376319885,"_runtime":12646.039455792,"_wandb":{"runtime":12646},"best_epoch":3,"val_loss":0.6813557744026184,"graph":{"_type":"graph-file","sha256":"206c24b6d6cb67f7541c2a88f72727176d3275e6dd5904277c8a207608a891e4","size":953,"path":"media/graph/graph_summary_206c24b6d6cb67f7541c.graph.json"},"lr":1.9999999494757503e-05,"accuracy":0.9904903173446655,"epoch":13,"val_accuracy":0.8305360078811646,"_step":14,"_timestamp":1.728923345862543e+09,"loss":0.03524113819003105,"test_loss":1.8994266986846924}