{"accuracy":0.33916667103767395,"epoch":4,"best_epoch":4,"val_accuracy":0.19583334028720856,"_step":5,"test_loss":2.711587905883789,"test_accuracy":0.20722222328186035,"_timestamp":1.728392052023113e+09,"graph":{"path":"media/graph/graph_summary_88bcbc852f309aef0d50.graph.json","_type":"graph-file","sha256":"88bcbc852f309aef0d5002dfbd4bddae5b1021680cd7b7b8e8e89b35633af928","size":1015},"_wandb":{"runtime":521},"best_val_loss":2.697252035140991,"_runtime":521.851773791,"loss":2.509777069091797,"val_loss":2.697252035140991}