{"test_accuracy":0.5872672200202942,"val_accuracy":0.5874391198158264,"val_loss":1.2645021677017212,"accuracy":0.5879642367362976,"epoch":4,"best_epoch":4,"graph":{"_type":"graph-file","sha256":"c357f341f4a62c956cbc1c94052fd97d7325938ca34acd06f6d7a859e3013110","size":985,"path":"media/graph/graph_summary_c357f341f4a62c956cbc.graph.json"},"test_loss":1.2655065059661865,"_runtime":3781.204237418,"loss":1.2814319133758545,"_step":5,"best_val_loss":1.2645021677017212,"_wandb":{"runtime":3781},"_timestamp":1.7283235218433e+09}