{"loss":1.7081419229507446,"val_loss":181.3490447998047,"best_val_loss":181.3490447998047,"test_accuracy":0.1666666716337204,"_wandb":{"runtime":2241},"accuracy":0.31208333373069763,"test_loss":181.154541015625,"epoch":4,"_timestamp":1.7284086699959528e+09,"_step":5,"best_epoch":4,"val_accuracy":0.1666666716337204,"_runtime":2241.93943125,"lr":0.0005000000237487257,"graph":{"sha256":"56726f9f0444f0d57474283b788435469a12bc59a0baa6334d87dc9f32881b9b","size":1150,"path":"media/graph/graph_summary_56726f9f0444f0d57474.graph.json","_type":"graph-file"}}