{"best_epoch":2,"test_accuracy":0.4893893599510193,"epoch":12,"_wandb":{"runtime":10235},"graph":{"sha256":"70c73efffe12abf3d3368027d7f87cd33cdc08d28b31b882896210cfc2a957ba","size":967,"path":"media/graph/graph_summary_70c73efffe12abf3d336.graph.json","_type":"graph-file"},"_runtime":10235.007641208,"_step":13,"test_loss":2.764108896255493,"val_loss":0.5991494655609131,"val_accuracy":0.8695181608200073,"lr":1.9999999494757503e-05,"_timestamp":1.72868852148811e+09,"loss":0.016515765339136124,"best_val_loss":0.47296142578125,"accuracy":0.9955272674560547}