{"val_accuracy":0.5603681802749634,"graph":{"_type":"graph-file","sha256":"8b66cc7924fd9bd40e69e66067dd1831db0247cd8e572217c5cf54800bf1dfed","size":951,"path":"media/graph/graph_summary_8b66cc7924fd9bd40e69.graph.json"},"best_val_loss":1.3580836057662964,"best_epoch":9,"val_loss":1.408979058265686,"accuracy":0.47265625,"_step":10,"_wandb":{"runtime":8014},"epoch":10,"_timestamp":1.728211136055373e+09,"loss":1.5127133131027222,"_runtime":7569.217364041}