{"test_loss":1.7441786527633667,"_timestamp":1.7282590703664472e+09,"graph":{"_type":"graph-file","sha256":"59c70cb696c9945419e94b5c1b9484fa0beb52e902edef13e7e92f90e353210d","size":975,"path":"media/graph/graph_summary_59c70cb696c9945419e9.graph.json"},"test_accuracy":0.5872672200202942,"epoch":5,"best_val_loss":1.744126319885254,"loss":1.7918126583099365,"accuracy":0.10761724412441254,"_runtime":2857.688276334,"_step":6,"val_accuracy":0.11802923679351807,"best_epoch":0,"val_loss":1.7920764684677124,"_wandb":{"runtime":2857}}